Date,residual_alpha_portfolio
2022-03-23,0.0
2022-03-24,0.0
2022-03-25,0.0
2022-03-28,0.0
2022-03-29,0.0
2022-03-30,0.0
2022-03-31,0.0
2022-04-01,0.0
2022-04-04,0.0
2022-04-05,0.0
2022-04-06,0.0
2022-04-07,0.0
2022-04-08,0.0
2022-04-11,0.0
2022-04-12,0.0
2022-04-13,0.0
2022-04-14,0.0
2022-04-18,0.0
2022-04-19,0.0
2022-04-20,0.0
2022-04-21,0.0
2022-04-22,0.0
2022-04-25,0.0
2022-04-26,0.0
2022-04-27,0.0
2022-04-28,0.0
2022-04-29,0.0
2022-05-02,0.0
2022-05-03,0.0
2022-05-04,0.0
2022-05-05,0.0
2022-05-06,0.0
2022-05-09,0.0
2022-05-10,0.0
2022-05-11,0.0
2022-05-12,0.0
2022-05-13,0.0
2022-05-16,0.0
2022-05-17,0.0
2022-05-18,0.0
2022-05-19,0.0
2022-05-20,0.0
2022-05-23,0.0
2022-05-24,0.0
2022-05-25,0.0
2022-05-26,0.0
2022-05-27,0.0
2022-05-31,0.0
2022-06-01,0.0
2022-06-02,0.0
2022-06-03,0.0
2022-06-06,0.0
2022-06-07,0.0
2022-06-08,0.0
2022-06-09,0.0
2022-06-10,0.0
2022-06-13,0.0
2022-06-14,0.0
2022-06-15,0.0
2022-06-16,0.0
2022-06-17,0.0
2022-06-21,0.0
2022-06-22,0.0
2022-06-23,0.0
2022-06-24,0.008763759119344365
2022-06-27,0.004723691267647265
2022-06-28,0.00363255563796951
2022-06-29,-0.0005535333119643924
2022-06-30,0.002446584569106268
2022-07-01,-0.003687794285940567
2022-07-05,0.0029885574940558125
2022-07-06,0.0027702217613650515
2022-07-07,-0.009659738983922535
2022-07-08,-0.0010121813983827764
2022-07-11,0.001554174374928732
2022-07-12,0.004327924335866575
2022-07-13,-0.0015976040387589618
2022-07-14,0.00617053407427775
2022-07-15,-0.006800243534574819
2022-07-18,0.003081484745937211
2022-07-19,-0.009930709588406944
2022-07-20,0.0015839364985127365
2022-07-21,-0.011001884600636733
2022-07-22,-0.0002879018717912729
2022-07-25,0.003575993823484162
2022-07-26,-0.0014201655544224822
2022-07-27,-0.008578704250119409
2022-07-28,-0.016614787205379764
2022-07-29,-0.006292123227599094
2022-08-01,-0.0020492711821519733
2022-08-02,0.0028550939684783665
2022-08-03,-0.009775216375404166
2022-08-04,-0.007288996433388264
2022-08-05,0.0022402882320571625
2022-08-08,-0.004521022270362653
2022-08-09,0.007201661468647507
2022-08-10,-0.011199249790397818
2022-08-11,0.0035443054611045666
2022-08-12,-0.016060774384346464
2022-08-15,0.0010731516172608876
2022-08-16,0.0035424132924538753
2022-08-17,0.007626428835822261
2022-08-18,0.0018551798606276588
2022-08-19,0.009280709061990657
2022-08-22,0.009309293505933751
2022-08-23,-0.00012099994717269303
2022-08-24,-0.0025839086460897396
2022-08-25,-0.007769627167162107
2022-08-26,0.014613650854412092
2022-08-29,0.0018169026895076862
2022-08-30,0.008548828903822636
2022-08-31,0.0058810440089320975
2022-09-01,0.004059844320408878
2022-09-02,-0.0006900521647060844
2022-09-06,0.0019531538643062763
2022-09-07,-0.010391191411993581
2022-09-08,0.0016757642704654263
2022-09-09,-0.00511689945605123
2022-09-12,-0.004713346509154572
2022-09-13,0.01803297300518618
2022-09-14,0.003912692759402067
2022-09-15,0.01357356625935791
2022-09-16,-0.004754637924284321
2022-09-19,-0.0014060534699832333
2022-09-20,0.005816137882834517
2022-09-21,-0.0007152987972881001
2022-09-22,0.005164323964804034
2022-09-23,0.006228254204648253
2022-09-26,0.006296588943108325
2022-09-27,0.0017081875915880306
2022-09-28,-0.011707808216862346
2022-09-29,0.008485087233891592
2022-09-30,-0.0011923383653780224
2022-10-03,-0.009526098397896256
2022-10-04,-0.011091643213298173
2022-10-05,0.002251466304774968
2022-10-06,0.002346896723406426
2022-10-07,0.007535685072630784
2022-10-10,0.006527066010482774
2022-10-11,-7.385309901158951e-05
2022-10-12,-0.00032116284484127295
2022-10-13,-0.0012157978689282987
2022-10-14,0.007993509057259424
2022-10-17,-0.004914651303732231
2022-10-18,-0.00237016314502183
2022-10-19,0.0052173484278169825
2022-10-20,0.0024611828459316326
2022-10-21,-0.0067634929989697536
2022-10-24,-0.0004415005975007374
2022-10-25,-0.005799300598679965
2022-10-26,8.625416838277649e-05
2022-10-27,-0.0003196674906295857
2022-10-28,0.0014704567099911158
2022-10-31,0.003720659042724465
2022-11-01,-0.0047653246496048435
2022-11-02,0.008780456747299565
2022-11-03,0.0017706895885804873
2022-11-04,-0.01309484685211678
2022-11-07,0.002753638292338178
2022-11-08,-0.006940785648619223
2022-11-09,0.0039134474973160326
2022-11-10,-0.02540173444214411
2022-11-11,-0.0027311369022505645
2022-11-14,0.0036075932957817273
2022-11-15,-0.0041824812122187565
2022-11-16,0.0008689065217608145
2022-11-17,0.0033132150931061027
2022-11-18,0.0006801046444731253
2022-11-21,0.0001563446021990095
2022-11-22,-0.0018094387104227632
2022-11-23,-0.0012235489427615286
2022-11-25,-0.00021348189695716383
2022-11-28,0.0070146136112154405
2022-11-29,-0.0038560254374006195
2022-11-30,-0.009067511979731198
2022-12-01,-0.0008674621925736242
2022-12-02,0.0015381880428132339
2022-12-05,0.007649075525886688
2022-12-06,0.0015991860467730343
2022-12-07,-0.0015900014337220634
2022-12-08,3.637899632386694e-05
2022-12-09,-0.0009043378396219061
2022-12-12,-0.0005322298068144008
2022-12-13,-0.011874361515165308
2022-12-14,0.0053476416055305625
2022-12-15,0.007990228632849816
2022-12-16,0.0036656114140003293
2022-12-19,0.004367196779078531
2022-12-20,-4.2041323071008354e-05
2022-12-21,-0.0038672388532478095
2022-12-22,0.007849703762004221
2022-12-23,-0.0018377408751257414
2022-12-27,-0.0031878162485707824
2022-12-28,0.0074362457131063745
2022-12-29,-0.003731988452871335
2022-12-30,0.002611606892451322
2023-01-03,-0.005248796348801582
2023-01-04,-0.0046382974100378565
2023-01-05,0.005706385536915773
2023-01-06,-0.011549236729121552
2023-01-09,0.0010498240065728987
2023-01-10,0.00032833899787235664
2023-01-11,-0.008421276441271452
2023-01-12,-0.004906281391903947
2023-01-13,-0.0032001739286480887
2023-01-17,7.054870935558591e-05
2023-01-18,0.0027312236104952855
2023-01-19,0.0016307128980791062
2023-01-20,-0.005050094423256724
2023-01-23,-0.005385933136946557
2023-01-24,-0.0008241391837398734
2023-01-25,0.0012218220150241159
2023-01-26,-0.0018416614520433445
2023-01-27,-0.0006672684856532398
2023-01-30,0.00703947752759102
2023-01-31,-0.007305725228753407
2023-02-01,-0.0032499021549008454
2023-02-02,-0.0065114301761636725
2023-02-03,0.011520215992538588
2023-02-06,0.0016700810576168769
2023-02-07,-0.0011057958315712677
2023-02-08,0.00016455864998979067
2023-02-09,0.005450735704882635
2023-02-10,0.0004239900244771471
2023-02-13,-0.0028622766061241335
2023-02-14,0.003476495324402509
2023-02-15,0.0067876623193062905
2023-02-16,0.007183470631971611
2023-02-17,0.0014085392449352827
2023-02-21,0.010716460241299316
2023-02-22,0.0029795789493167967
2023-02-23,-0.008418725103716258
2023-02-24,0.00725658961852956
2023-02-27,-0.00019495091077789618
2023-02-28,-0.0014058246420307746
2023-03-01,-0.0011602511200819845
2023-03-02,-0.0035506024181364373
2023-03-03,-0.012267345763710677
2023-03-06,0.005473691686224105
2023-03-07,0.01008044901472106
2023-03-08,-0.0018330138557041444
2023-03-09,0.007716331103272804
2023-03-10,-0.0014390123264577425
2023-03-13,-0.005423262537894404
2023-03-14,-0.0015567734961733231
2023-03-15,-0.002865922732336312
2023-03-16,-0.0043469728187726635
2023-03-17,0.004648830703212943
2023-03-20,0.004498436725815875
2023-03-21,0.0006157056298145796
2023-03-22,0.007331406746840268
2023-03-23,-0.006540372661418836
2023-03-24,-0.003775216417962076
2023-03-27,0.007502031622464308
2023-03-28,-0.00044470552605259416
2023-03-29,-0.005181015267694511
2023-03-30,-0.00541193220688711
2023-03-31,-0.01200183875188954
2023-04-03,0.0031640209377097987
2023-04-04,-0.00015651267930700717
2023-04-05,0.007800498716477169
2023-04-06,-0.00046844984531480536
2023-04-10,-0.0009330380098970039
2023-04-11,0.0003101988088418014
2023-04-12,0.005329972071146632
2023-04-13,-0.004409636047100844
2023-04-14,0.007640046946443893
2023-04-17,-0.005389928328406202
2023-04-18,-0.00016057590481904048
2023-04-19,0.0006373076261106483
2023-04-20,0.0036960500249952986
2023-04-21,0.001572762599042494
2023-04-24,0.0027769448984939363
2023-04-25,0.006553704080849119
2023-04-26,5.953076946868898e-05
2023-04-27,-0.008197385678541481
2023-04-28,-0.0059877808195240734
2023-05-01,0.004667462661061321
2023-05-02,0.003025312919776451
2023-05-03,0.0018246502237693712
2023-05-04,0.002819395346058094
2023-05-05,-0.0033088065873751052
2023-05-08,-0.0012103338787145127
2023-05-09,0.0001711077744316939
2023-05-10,-0.0015870366927782278
2023-05-11,0.004023171359917923
2023-05-12,0.0005791775336334449
2023-05-15,-0.004496742125300742
2023-05-16,0.008173671899805028
2023-05-17,-0.008391508594705135
2023-05-18,-0.001806030650443207
2023-05-19,0.002139462706844933
2023-05-22,-0.002405607768048968
2023-05-23,0.0032667914269139463
2023-05-24,0.007680340769039198
2023-05-25,-0.0013382487404444503
2023-05-26,-0.012151197497371594
2023-05-30,-0.0016941895905340635
2023-05-31,0.0036501898838839555
2023-06-01,-0.003907999255179937
2023-06-02,-0.013697663585455886
2023-06-05,0.004144687168199067
2023-06-06,-0.006870654128216262
2023-06-07,0.0057243722597377904
2023-06-08,-0.0031221840849607043
2023-06-09,0.00019366300580326808
2023-06-12,-0.0013178562908716203
2023-06-13,-0.00041654578877574333
2023-06-14,0.0007441748059285548
2023-06-15,-0.0062641212207974716
2023-06-16,0.003926853288693276
2023-06-20,0.00673855816294148
2023-06-21,0.00249363458913675
2023-06-22,0.006019247730351734
2023-06-23,0.004401982944846464
2023-06-26,-0.0018056645718827655
2023-06-27,-0.0017806976357922278
2023-06-28,-0.0030103284579732796
2023-06-29,-0.0022868715823900817
2023-06-30,-0.007064872073190424
2023-07-03,-0.0002764637738377771
2023-07-05,0.0022571259732933257
2023-07-06,0.010944529048300107
2023-07-07,1.817386485650956e-05
2023-07-10,-0.0015653981690853982
2023-07-11,-0.005017976697648515
2023-07-12,-0.008538162447915347
2023-07-13,-0.0043805223208898715
2023-07-14,0.003659424309868231
2023-07-17,0.000499319087508169
2023-07-18,-0.00832691786382351
2023-07-19,-0.004577275620268348
2023-07-20,0.004702585611878458
2023-07-21,6.316048222785925e-05
2023-07-24,-0.0038041908099423222
2023-07-25,0.0003065841010101343
2023-07-26,-0.0029868986875995233
2023-07-27,0.011944711441682722
2023-07-28,-0.00792988191013917
2023-07-31,-0.002470296786586302
2023-08-01,0.006729067725634008
2023-08-02,0.010015492908695186
2023-08-03,0.005194111098087893
2023-08-04,-0.0016065440867264061
2023-08-07,-0.0027549156353352923
2023-08-08,0.004040644287645447
2023-08-09,0.0005976865382586582
2023-08-10,0.0008631303008787086
2023-08-11,0.00307173369598437
2023-08-14,0.002168491570310783
2023-08-15,0.011246929480102998
2023-08-16,0.007448225594263426
2023-08-17,0.007010802493626416
2023-08-18,-0.0016761834283351626
2023-08-21,0.0023986046220856147
2023-08-22,-0.0023958606154154422
2023-08-23,-0.016018701415572274
2023-08-24,0.005038045178439361
2023-08-25,-0.0023979167571864506
2023-08-28,-0.005417188893804105
2023-08-29,-0.009403427893951842
2023-08-30,-0.001415587928724113
2023-08-31,-0.00015954386754328715
2023-09-01,-0.003506047061484791
2023-09-05,0.010838484181403743
2023-09-06,0.007194837877315982
2023-09-07,-0.0012730807305987146
2023-09-08,0.001092447331654356
2023-09-11,-0.0017655441085758297
2023-09-12,0.0021548990461174983
2023-09-13,0.000790291610654556
2023-09-14,-0.00982156962817865
2023-09-15,0.0034386016092818553
2023-09-18,0.0004921031704005788
2023-09-19,0.0031795228468497506
2023-09-20,0.002948089351369366
2023-09-21,0.01672999929944762
2023-09-22,-0.004082068589684013
2023-09-25,0.002562137349117482
2023-09-26,0.010222923190920327
2023-09-27,0.002717025059862872
2023-09-28,-0.0004979836717103696
2023-09-29,0.003770375059472428
2023-10-02,0.00712917778433385
2023-10-03,0.014562306595823936
2023-10-04,-0.004395604829996403
2023-10-05,-0.00029481612105515965
2023-10-06,-0.005410236118832956
2023-10-09,-0.017317427948762024
2023-10-10,-0.0005108067161602398
2023-10-11,-0.011181305023446279
2023-10-12,0.004683914841377685
2023-10-13,-0.012583277796302087
2023-10-16,-0.0004250674368275999
2023-10-17,0.0026529999253142402
2023-10-18,0.0036864220131907297
2023-10-19,0.00521287334196068
2023-10-20,0.003681070390874402
2023-10-23,0.0018364923711372634
2023-10-24,-0.007467725548428359
2023-10-25,0.007992129921644924
2023-10-26,-0.0027061050504601767
2023-10-27,0.0005891967277626355
2023-10-30,3.711436601716545e-05
2023-10-31,-0.0024557929784390525
2023-11-01,-0.005522757284452061
2023-11-02,-0.0114509189758391
2023-11-03,-0.005044094203450676
2023-11-06,0.007427379808115787
2023-11-07,0.001132739267280646
2023-11-08,0.004037832391225642
2023-11-09,0.006954561642699022
2023-11-10,-0.0026652827147588074
2023-11-13,-0.0002929210412609578
2023-11-14,-0.01940956002617738
2023-11-15,-0.000510340090061815
2023-11-16,-0.0015251899094305818
2023-11-17,6.742383068433842e-05
2023-11-20,-0.0038525428660781246
2023-11-21,0.0011676560038156206
2023-11-22,-0.000942998523883307
2023-11-24,0.0012276821710411766
2023-11-27,-0.0001314414951385113
2023-11-28,-0.005904584977357019
2023-11-29,-0.005582622972129627
2023-11-30,-0.003969843535487025
2023-12-01,-0.014257629003629011
2023-12-04,0.0038445973946259655
2023-12-05,0.0004066889846249562
2023-12-06,0.0006340487085142617
2023-12-07,-0.0013029340459230925
2023-12-08,0.0031782435648039643
2023-12-11,0.003693295520836637
2023-12-12,0.00018910797918700583
2023-12-13,-0.0274065500978665
2023-12-14,-0.010923969639639961
2023-12-15,0.0018459576191505462
2023-12-18,-0.0007457714437870194
2023-12-19,-0.0024463340074362756
2023-12-20,0.0051497554828294385
2023-12-21,-0.003183928773664968
2023-12-22,-0.00027346512874468166
2023-12-26,-0.004712002402380882
2023-12-27,-0.0009956394826558033
2023-12-28,0.0007655147012536168
2023-12-29,0.0052148267058344565
2024-01-02,0.00472602068601924
2024-01-03,0.00882722454930849
2024-01-04,0.003022639007003356
2024-01-05,0.0003828313655467
2024-01-08,-0.0010938052213584604
2024-01-09,-0.00015887686572235607
2024-01-10,0.0014289846000006255
2024-01-11,-0.0009255874783961789
2024-01-12,-0.0006956220033719901
2024-01-16,0.00930368164025305
2024-01-17,0.010082677540956222
2024-01-18,-0.008794597781952275
2024-01-19,-0.0066114436225004295
2024-01-22,-0.0021821236298363205
2024-01-23,0.0003376491739679907
2024-01-24,0.0045715468900830196
2024-01-25,-0.00915909447200439
2024-01-26,0.0020837520612317427
2024-01-29,-0.004767697924750751
2024-01-30,0.003863988576636848
2024-01-31,0.010068562195849715
2024-02-01,-0.0061468649919503
2024-02-02,0.0036078046585226115
2024-02-05,0.006107056158385823
2024-02-06,-0.006045169696422555
2024-02-07,0.00019712069253759922
2024-02-08,0.00034770173469750445
2024-02-09,-0.0025096937530299014
2024-02-12,-0.0013470807456657217
2024-02-13,0.01942715061776652
2024-02-14,-0.003541636693392393
2024-02-15,-0.00912046802679456
2024-02-16,0.0037935285061719646
2024-02-20,-0.0014391084814461244
2024-02-21,0.00018078434696922304
2024-02-22,-0.007688192980391006
2024-02-23,0.0012798508246475045
2024-02-26,0.004589190912928689
2024-02-27,-0.001848298675273411
2024-02-28,0.0009459423329631212
2024-02-29,-0.0053348961956779795
2024-03-01,-0.011807521423368633
2024-03-04,-0.0016309750997521725
2024-03-05,0.005092595138197287
2024-03-06,-0.0048750892049849335
2024-03-07,-0.0029583468323923943
2024-03-08,-0.002672586003028331
2024-03-11,0.003463965349009312
2024-03-12,-0.0015996790058916577
2024-03-13,0.0011899262498257736
2024-03-14,0.007343363597575569
2024-03-15,0.005007500006823815
2024-03-18,-0.002379651664576058
2024-03-19,-0.0021569537712840285
2024-03-20,-0.006529019401631971
2024-03-21,-0.005211146650080358
2024-03-22,0.005276458552834829
2024-03-25,0.004356611649935746
2024-03-26,0.0021182276048940397
2024-03-27,-0.011839216408067255
2024-03-28,-0.002940042462877133
2024-04-01,0.003539912544294629
2024-04-02,0.004170917892256326
2024-04-03,-0.0014332181368270024
2024-04-04,0.009815043209226175
2024-04-05,-0.00842718151136153
2024-04-08,-0.004832012127671606
2024-04-09,-0.003786290162890416
2024-04-10,0.01604121977778472
2024-04-11,-0.00464207788636239
2024-04-12,0.006994306975948495
2024-04-15,0.006862938985366367
2024-04-16,0.005179371737587548
2024-04-17,0.005616110010354926
2024-04-18,-0.0003092181216011468
2024-04-19,-0.0013731448178169808
2024-04-22,-0.0010003886740623952
2024-04-23,-0.005309114414368912
2024-04-24,0.0022626360750388373
2024-04-25,0.0048777466159286775
2024-04-26,-0.00789334376718062
2024-04-29,-0.0038812938775157767
2024-04-30,0.017465147072029095
2024-05-01,-0.0019246843157301526
2024-05-02,-0.009148084937537503
2024-05-03,-0.007014861073579837
2024-05-06,-0.007341543145784204
2024-05-07,-0.0020154164560691333
2024-05-08,0.004076434692700914
2024-05-09,-0.009945688060944891
2024-05-10,-0.0001647589429419482
2024-05-13,0.0035453586757016793
2024-05-14,-0.004359921119552611
2024-05-15,-0.011965317148444087
2024-05-16,0.001880972956432552
2024-05-17,-0.0024370491586814085
2024-05-20,-0.002057034684544187
2024-05-21,0.0017663675430609716
2024-05-22,0.00960957474960654
2024-05-23,0.013666328109627968
2024-05-24,-0.0016477841201126874
2024-05-28,-0.0025272538479808432
2024-05-29,0.009678631220490785
2024-05-30,0.002032031919440564
2024-05-31,-0.002450947951460126
2024-06-03,-0.0007215206635773903
2024-06-04,0.0029770005241619994
2024-06-05,-0.009569605972054822
2024-06-06,-0.0013191481488752646
2024-06-07,0.011629145700312276
2024-06-10,-0.0030695741172009666
2024-06-11,7.33325594883413e-05
2024-06-12,-0.007489731206067303
2024-06-13,0.0011172572131399922
2024-06-14,0.0012638609921157527
2024-06-17,7.253463718922019e-05
2024-06-18,-0.003908817258132649
2024-06-20,-0.0008801763469481606
2024-06-21,0.0034584061937314326
2024-06-24,-0.00048286898518318624
2024-06-25,0.003231979953270334
2024-06-26,0.001821395565111656
2024-06-27,-0.00515508970925524
2024-06-28,0.0038871716622385817
2024-07-01,0.001630877277777687
2024-07-02,-0.004893394761602052
2024-07-03,-0.0051124458515137885
2024-07-05,-0.0060278405166504555
2024-07-08,0.002688748901351988
2024-07-09,0.0025745727283987435
2024-07-10,-0.0069035858190381735
2024-07-11,-0.009029533220972356
2024-07-12,-0.004744516917598859
2024-07-15,-0.0015666818380695659
2024-07-16,-0.011088684750663661
2024-07-17,0.008574776548612963
2024-07-18,0.009401232856747297
2024-07-19,0.007272547912625297
2024-07-22,-0.0070852570316011386
2024-07-23,-0.0006109204250151226
2024-07-24,0.014199970578536293
2024-07-25,0.0038572196216317303
2024-07-26,-0.0056510211598062845
2024-07-29,0.0004004005905288117
2024-07-30,-0.0026680690897724667
2024-07-31,-0.009974669159372037
2024-08-01,0.010358145697738588
2024-08-02,0.015121935542701331
2024-08-05,0.015142401308422941
2024-08-06,-0.0023158734345376025
2024-08-07,-0.0006595601102544393
2024-08-08,-0.009401189243243567
2024-08-09,-0.0011367984899302256
2024-08-12,-0.0014040055058840775
2024-08-13,-0.003986329139985937
2024-08-14,0.0009390541107126487
2024-08-15,-0.007075738139577414
2024-08-16,-0.0015165721979753127
2024-08-19,-0.001708123841351284
2024-08-20,0.0033684767858888336
2024-08-21,0.00015538650120380983
2024-08-22,0.003892950910423307
2024-08-23,-0.011491161395826167
2024-08-26,-0.0009798526697827761
2024-08-27,0.0020614464752085966
2024-08-28,0.0037014699667615534
2024-08-29,-0.0040143216665342075
2024-08-30,-0.0008287785127958986
2024-09-03,0.010766900414678713
2024-09-04,0.0017272681251699821
2024-09-05,-0.0019514138142955402
2024-09-06,0.007595599020979049
2024-09-09,-0.004870953881381722
2024-09-10,0.001460099478323262
2024-09-11,-0.003797185848878919
2024-09-12,-0.0075762290311184935
2024-09-13,-0.004550964265694655
2024-09-16,-0.0009486663493862647
2024-09-17,0.00036835752937989434
2024-09-18,0.004786719720700404
2024-09-19,-0.014428576651737024
2024-09-20,-0.001619516535787628
2024-09-23,-0.00048337918399354786
2024-09-24,-0.004759493953930598
2024-09-25,0.002212437405318236
2024-09-26,0.0013031177743518857
2024-09-27,0.0027673411571086377
2024-09-30,0.00016372168582142355
2024-10-01,0.0028602590918088405
2024-10-02,-0.002186341127124413
2024-10-03,0.00442305218990086
2024-10-04,-0.003734341834990187
2024-10-07,0.002646418647958015
2024-10-08,0.003816372495284168
2024-10-09,0.0005292286625662003
2024-10-10,-0.0014410429705195072
2024-10-11,-0.00565710270097574
2024-10-14,-0.00017301294160756053
2024-10-15,0.0044052994582423075
2024-10-16,-0.004731717670625426
2024-10-17,0.0005125780527737186
2024-10-18,-0.002246540808835676
2024-10-21,0.007421470098747511
2024-10-22,-0.0035644081270375574
2024-10-23,0.007369818518930805
2024-10-24,-0.003869963823753192
2024-10-25,0.0008996887299971005
2024-10-28,0.0029515028384255793
2024-10-29,-0.0010802012473740052
2024-10-30,-0.0008246692358115183
2024-10-31,0.012951017900821848
2024-11-01,0.0014047527262001673
2024-11-04,-0.003800545433008053
2024-11-05,-0.007653885018018744
2024-11-06,-0.004562700446300696
2024-11-07,-0.008398062518907266
2024-11-08,-0.0008465509874316886
2024-11-11,0.008370148056674876
2024-11-12,0.01231883811804826
2024-11-13,0.0010715743270562146
2024-11-14,0.002604297878897481
2024-11-15,0.007866474111381723
2024-11-18,-0.0047682595381696976
2024-11-19,-0.004033969195547694
2024-11-20,-0.0011768150096825994
2024-11-21,-0.005921995424446278
2024-11-22,-0.005311200501497812
2024-11-25,-0.0002319051867767819
2024-11-26,0.00020063988598004943
2024-11-27,0.003301554311707709
2024-11-29,-0.003989131843974684
2024-12-02,0.0002929461420469223
2024-12-03,0.0006916884492935533
2024-12-04,-0.004509133241194818
2024-12-05,0.0052745034197562105
2024-12-06,0.00014833689689579656
2024-12-09,-0.0032370577168870252
2024-12-10,0.003685681571804082
2024-12-11,-0.006470258018357901
2024-12-12,0.008117464888885435
2024-12-13,0.0062858893568366455
2024-12-16,-0.0009936900781670377
2024-12-17,0.00817920234494981
2024-12-18,0.02701550927476805
2024-12-19,0.0026149059903255254
2024-12-20,-0.007203603533360033
2024-12-23,-0.002134207558795143
2024-12-24,-0.00628174163123643
2024-12-26,-0.002332002790485233
2024-12-27,0.009280291561738754
2024-12-30,0.0035211892728028876
2024-12-31,-0.002422378720756026
2025-01-02,-0.0029494415699145415
2025-01-03,-0.00022262308666919106
2025-01-06,0.001740797980877988
2025-01-07,0.005581200544332822
2025-01-08,-0.0014890019312409969
2025-01-10,0.01162363623273925
2025-01-13,-0.000847397803072249
2025-01-14,-0.0022199438431023564
2025-01-15,-0.013965709436096383
2025-01-16,-0.0021659673136650206
2025-01-17,-0.004547805894231222
2025-01-21,-0.007234619504922014
2025-01-22,0.0020712784203888233
2025-01-23,-0.0019255328142482463
2025-01-24,0.0007230410979971567
2025-01-27,0.006353055887854166
2025-01-28,-0.004823559415429449
2025-01-29,0.0044921720773533165
2025-01-30,-0.006814503640786993
2025-01-31,0.0031075089648507025
2025-02-03,0.004331095561305653
2025-02-04,-0.005884630707939191
2025-02-05,-0.00383125112794507
2025-02-06,-0.0008712776431603424
2025-02-07,0.007861984855946209
2025-02-10,-0.008285462080699333
2025-02-11,0.0005672142210811714
2025-02-12,0.006462744884962356
2025-02-13,-0.007531128141642687
2025-02-14,0.002315646154859403
2025-02-18,-0.003628219907507093
2025-02-19,7.171981507758657e-05
2025-02-20,0.00233196314335561
2025-02-21,0.008871443377127548
2025-02-24,0.0004167640256821534
2025-02-25,0.00230912927668303
2025-02-26,-0.0016282050400295237
2025-02-27,0.00716432869199524
2025-02-28,-0.004556029994422452
2025-03-03,0.008052524598966075
2025-03-04,0.006005960004291289
2025-03-05,-0.0049898065387950705
2025-03-06,0.012227663660625294
2025-03-07,-0.0018809385547016205
2025-03-10,0.012383739967467595
2025-03-11,0.003507041945264951
2025-03-12,-0.004327570958026175
2025-03-13,0.00544284775463778
2025-03-14,-0.01109339727716651
2025-03-17,-0.004747160552338002
2025-03-18,0.0015325017602348051
2025-03-19,-0.005952137299436455
2025-03-20,0.0011330237671163057
2025-03-21,0.005542086543974308
2025-03-24,-0.01152090613907501
2025-03-25,0.002801850608325236
2025-03-26,0.004430256556024156
2025-03-27,0.001827611872214357
2025-03-28,0.007833136934421659
2025-03-31,-0.008618469580786213
2025-04-01,-0.0016109432102404393
2025-04-02,-0.0034009620605643096
2025-04-03,0.040065025504282585
2025-04-04,0.01059824258374347
2025-04-07,0.0056689821861389475
2025-04-08,0.003223350154818627
2025-04-09,-0.0125657359192918
2025-04-10,0.005706019563889177
2025-04-11,-0.0026311950315279
2025-04-14,-0.0006039141620266704
2025-04-15,-0.002494724219070477
2025-04-16,-0.001815311915964726
2025-04-17,-0.0023728172340161794
2025-04-21,0.0018292512634368657
2025-04-22,-0.0013496004280496242
2025-04-23,-0.0009841555843742855
2025-04-24,-0.0035388057631452067
2025-04-25,0.0015188053511545007
2025-04-28,0.0005469990660354051
2025-04-29,-0.00018575153695692294
2025-04-30,0.002565192357036462
2025-05-01,-0.003341553279467049
2025-05-02,-0.0038521112392832157
2025-05-05,-0.0027532382221208004
2025-05-06,-0.000515608346525645
2025-05-07,0.001273541412046143
2025-05-08,-0.0007169028716539391
2025-05-09,-0.000974833613038883
2025-05-12,-0.0077158203236580725
2025-05-13,0.005348659104774931
2025-05-14,0.0032948323853344156
2025-05-15,-0.0024118252550245647
2025-05-16,0.0006441091527688882
2025-05-19,-0.00017214950648768623
2025-05-20,-0.0013565108927088055
2025-05-21,0.007931943313101698
2025-05-22,-0.0007548614333087773
2025-05-23,-0.0012068205915908197
2025-05-27,-0.005040470139894814
2025-05-28,0.0007298817722332253
2025-05-29,-0.0018227377472648941
2025-05-30,0.004436121532116994
2025-06-02,-0.0033746675751476236
2025-06-03,-0.0031197341758437943
2025-06-04,0.00015698761429358522
2025-06-05,0.0005963251988333431
2025-06-06,0.0031929024063414337
2025-06-09,-0.001003235541426892
2025-06-10,-0.0033671493337331998
2025-06-11,0.0023969588354191117
2025-06-12,8.485463856908008e-05
2025-06-13,0.0018327014843199292
2025-06-16,0.00045718862473564123
2025-06-17,-0.0018200705364547012
2025-06-18,-0.0001885407794750261
2025-06-20,0.0018646513501859446
2025-06-23,0.004322909416958385
2025-06-24,0.0029715323581073344
2025-06-25,0.0043051609096942285
2025-06-26,0.0007009173537137259
2025-06-27,-0.00032890646864491564
2025-06-30,-0.0017306389286170136
2025-07-01,-0.0038505590175229114
2025-07-02,-0.003827089754680513
2025-07-03,-0.0027182085747310108
2025-07-07,0.005339571806518037
2025-07-08,0.003831723022225176
2025-07-09,-0.0035695667420616362
2025-07-10,-0.00020964293377210126
2025-07-11,8.873011429634515e-05
2025-07-14,-0.0002948136546604244
2025-07-15,0.002648078566871153
2025-07-16,-0.0002487185518348185
2025-07-17,-0.004060036659111645
2025-07-18,0.0025718331483569547
2025-07-21,-0.0003972290316973516
2025-07-22,-0.0003946196050060091
2025-07-23,0.0016959107293181889
2025-07-24,0.0003429703130265667
2025-07-25,0.0026231471267037687
2025-07-28,0.0007751759964906865
2025-07-29,-0.00545069989776275
2025-07-30,0.003290340302257811
2025-07-31,0.0017719897352262894
2025-08-01,0.0038919946199582073
2025-08-04,-0.0075099938862375855
2025-08-05,5.1780466764281545e-06
2025-08-06,0.006148292650621947
2025-08-07,-0.0001151158136520531
2025-08-08,-0.00036200099510442813
2025-08-11,0.0035982786470843686
2025-08-12,-0.0031583895225927414
2025-08-13,-0.004757149129971767
2025-08-14,0.0030435498324094244
2025-08-15,0.0011957117038003257
2025-08-18,0.002131520956402939
2025-08-19,0.0010311338845812056
2025-08-20,-0.0020112577048666275
2025-08-21,0.00015489492643906482
2025-08-22,-0.008657550669630023
2025-08-25,0.002173348057930532
2025-08-26,3.436302453322331e-05
2025-08-27,-0.0012702408677298333
2025-08-28,-0.001983686467350832
2025-08-29,0.0026132002390214853
2025-09-02,-0.0007755386338618516
2025-09-03,-0.002781158558701218
2025-09-04,-0.0035273429110068656
2025-09-05,-0.002793709847490411
2025-09-08,-0.0009727391300298484
2025-09-09,-0.0004846860735113556
2025-09-10,-6.485573926577879e-05
2025-09-11,-0.0034756315046522786
2025-09-12,0.0008521966258273119
2025-09-15,-0.0036983289484467962
2025-09-16,0.0029386297693056564
2025-09-17,0.002885584363185883
2025-09-18,-0.0022326199374026355
2025-09-19,0.00023421594115979037
2025-09-22,-0.0039947340973890185
2025-09-23,-0.0003345931565409331
2025-09-24,0.005893222468850147
2025-09-25,-0.002576162206976997
2025-09-26,-0.00023492880625102994
2025-09-29,-0.0023473048846812494
2025-09-30,-0.0007905197239736411
2025-10-01,-0.0031114249672639796
2025-10-02,0.0003366981906470325
2025-10-03,-0.0021213181826911388
2025-10-06,-0.0011772227208882815
2025-10-07,-0.0001414747050127751
2025-10-08,-0.0015052481729721477
2025-10-09,0.004475322672572845
2025-10-10,0.011935621590978582
2025-10-13,-0.016534649425195027
2025-10-14,-0.0022547658478445426
2025-10-15,-0.007767899041550374
2025-10-16,0.0021656527078249815
2025-10-17,-0.00030147018626156555
2025-10-20,-0.011993221947864395
2025-10-21,0.01254989422981193
2025-10-22,-0.0004489858236996783
2025-10-23,-0.005438595360281803
2025-10-24,-0.003449896722436283
2025-10-27,-0.0013167911364166892
2025-10-28,0.004305910590897838
2025-10-29,0.0049185553734674425
2025-10-30,-0.0006758837654001945
2025-10-31,0.0006246491029244334
2025-11-03,-0.0019505701635561942
2025-11-04,0.0073140033528806625
2025-11-05,-0.002017230592742093
2025-11-06,0.005941407594155432
2025-11-07,-0.0002346264624776128
2025-11-10,-0.009485803236212679
2025-11-11,-0.004364436388248842
2025-11-12,0.002660911160034594
2025-11-13,0.014165975101800194
2025-11-14,0.0019305989780490282
2025-11-17,0.005434377870477574
2025-11-18,0.0007305646087715193
2025-11-19,-0.0006413876436590555
2025-11-20,0.007446901741470433
2025-11-21,-0.002150456008137426
2025-11-24,-0.008650138761471665
2025-11-25,-0.0038598084180243783
2025-11-26,-0.00456480224146022
2025-11-28,-0.003156671041366054
2025-12-01,0.0038455764005978815
2025-12-02,0.0010716187923573465
2025-12-03,0.00017661977591557998
2025-12-04,-0.0006410606080982135
2025-12-05,-0.00041862243923768724
2025-12-08,0.003988231885067615
2025-12-09,0.0010864806440441849
2025-12-10,-0.0029334025288599314
2025-12-11,8.419771397081524e-05
2025-12-12,0.00619287530954966
2025-12-15,0.0017473633589041196
2025-12-16,0.003624412418086354
2025-12-17,0.0026861846592631223
2025-12-18,-0.0024383974371182922
2025-12-19,-0.0017175088435342038
2025-12-22,-0.004146830874967987
2025-12-23,-0.0035625640361181387
2025-12-24,-0.0019550440721375004
2025-12-26,-0.00039968369716740715
2025-12-29,0.0057223916097472955
2025-12-30,5.325329261604751e-05
2025-12-31,0.005468378992004279
2026-01-02,-0.0037150474664499177
2026-01-05,-0.008247191336350917
2026-01-06,-0.003808515609340982
2026-01-07,0.0025471392073599273
2026-01-08,-0.006199102089349306
2026-01-09,-0.003092691355822597
2026-01-12,-0.002000977410115003
2026-01-13,0.0007411130021344833
2026-01-14,0.00022005965511915268
2026-01-15,-0.003991834785205183
2026-01-16,-0.0017558967340068406
2026-01-20,0.009796104520623204
2026-01-21,-0.008791101537861027
2026-01-22,0.00033607150086715164
2026-01-23,0.0018916531859522433
2026-01-26,0.0011884649842531956
2026-01-27,-0.0032781110216787888
2026-01-28,-0.000900931173935833
2026-01-29,-0.002080942216038214
2026-01-30,0.008028677174268159
2026-02-02,0.005587996461397567
2026-02-03,-0.0010637568633086957
2026-02-04,-0.0015444539504087557
2026-02-05,0.006883033844316283
2026-02-06,-0.010888052092935273
2026-02-09,-0.002631911485696139
2026-02-10,5.125566830720532e-05
2026-02-11,-0.00035592281499038355
2026-02-12,0.008876527264751298
2026-02-13,-0.0021695493013008478
2026-02-17,-0.0004861046228573853
2026-02-18,-0.0017630681434220932
2026-02-19,0.0014053697969710205
2026-02-20,-0.006147942390591729
2026-02-23,0.0032059208010325776
2026-02-24,-0.00020449419373574297
2026-02-25,-0.0019104946821141679
2026-02-26,0.0016859639719837508
2026-02-27,0.006696809442414935
2026-03-02,-0.007712855036066293
2026-03-03,0.0052019683984457325
2026-03-04,-0.002788651353673493
2026-03-05,0.004762787461432831
2026-03-06,0.005198304008729829
2026-03-09,-0.005139566571160606
2026-03-10,-0.0004160964950765392
2026-03-11,0.0028438230731203506
2026-03-12,0.010390754243735702
2026-03-13,0.002497812744701671
2026-03-16,-0.006782023783218058
2026-03-17,-0.0014395004505012969
2026-03-18,0.013142839118466063
2026-03-19,0.006583064981655153
2026-03-20,0.022714055000582545
2026-03-23,-0.01023383745669848
2026-03-24,0.0014123260875139661
2026-03-25,-0.009348796940723738
2026-03-26,0.011974035942531101
2026-03-27,0.005819928853451506
2026-03-30,-6.896637421403991e-05
2026-03-31,-0.011138461283029005
2026-04-01,-0.004839648666840359
2026-04-02,-0.0007198436048995276
2026-04-06,-0.000396627838148164
2026-04-07,0.0003821804792474783
2026-04-08,-0.00799001690856653
2026-04-09,-0.001633382197150075
2026-04-10,0.0018441822991162229
2026-04-13,-0.0019017194624641343
2026-04-14,-0.007292198761583744
2026-04-15,-0.0007641847798774301
2026-04-16,-0.00037679001992425853
2026-04-17,-0.011203269073677804
2026-04-20,0.0008201394209683328
2026-04-21,0.005641377855642532
2026-04-22,-0.003334407442756418
2026-04-23,0.0017744482818964674
2026-04-24,-0.001763424926930632
2026-04-27,0.0024184206597219417
2026-04-28,0.00189536626819246
2026-04-29,0.004157684806571711
2026-04-30,-0.005009029984564887
2026-05-01,-0.001528236898662148
2026-05-04,0.006063958952594466
2026-05-05,-0.005101877438304916
2026-05-06,-0.010967534465641577
2026-05-07,0.005240076598443323
2026-05-08,-0.001840697763900825
2026-05-11,0.0018478425700193324
2026-05-12,0.0026409053946858715
2026-05-13,-0.0019998598200883276
2026-05-14,-0.002179778679660201
2026-05-15,0.008726067295416869
2026-05-18,0.0006018720180138126
2026-05-19,0.00825430056427475
2026-05-20,-0.013683164686040711
2026-05-21,-0.002408103138762739
2026-05-22,-0.0018433004106077925
2026-05-26,0.0011571014326821243
2026-05-27,0.003327461511057354
2026-05-28,-0.0008794119690600495
2026-05-29,0.002521633037271389
2026-06-01,0.00825336823613604
2026-06-02,3.2857425917148583e-06
2026-06-03,0.008060830290486001
2026-06-04,-0.012798695158276637
2026-06-05,0.005558070243084182
2026-06-08,0.0028167509330971016
2026-06-09,-0.0027099133098166775
2026-06-10,0.011026821368299479
2026-06-11,-0.010964110541059748
2026-06-12,-0.0023290118949697326
2026-06-15,-0.006140677102474765
2026-06-16,-0.0004111681628088199
2026-06-17,0.007206986990280053
2026-06-18,-0.007103539715158469
2026-06-22,-0.0019320214915751355
2026-06-23,-0.001152634607711696
2026-06-24,0.00015715158228661965
2026-06-25,0.004181894250452683
2026-06-26,-0.004907706615262966
2026-06-29,0.0014230201894705565
2026-06-30,0.0012056304884395467
2026-07-01,-0.00034862237523200154
2026-07-02,-0.0011144909411118981
2026-07-06,-0.0012636355143444003
2026-07-07,0.0006277180780911973
2026-07-08,0.008615885621237595
2026-07-09,-0.004030948418632688
2026-07-10,-0.0005678335927218215
2026-07-13,0.005913233480721274
2026-07-14,0.0006200027480965946
2026-07-15,-0.0015979918245261984
2026-07-16,-0.001582144346596957
2026-07-17,0.0023670652361344395
2026-07-20,0.003063840252469883
2026-07-21,-0.0041643393248302655
2026-07-22,0.0021427263658476267
2026-07-23,0.008163628646389164
2026-07-24,-0.0014506180844001848
2026-07-27,-0.0001581437328656765
2026-07-28,0.0024961823920519313
2026-07-29,0.012123205587585287
2026-07-30,-0.0047025125752454995
2026-07-31,0.0011764641467468485
2026-08-03,-0.010627537330274273
2026-08-04,-0.009892583593808133
2026-08-05,-0.001509730010354579
2026-08-06,0.006042334341186619
2026-08-07,-0.005103002076163586
2026-08-10,0.0066661068197678116
2026-08-11,0.003104761197667834
2026-08-12,-0.003626263604623631
2026-08-13,-0.003087183617516192
2026-08-14,0.0024524035005299583
